sample_id	high_confidence_bed_path
CHM1_CHM13	gs://str-truth-set-v2/dipcall_pipeline/CHM1_CHM13/CHM1_CHM13.dip.bed.gz
HG002	gs://str-truth-set-v2/dipcall_pipeline/HPRC_release2/HG002/HG002.dip.bed.gz
HG00408	gs://str-truth-set-v2/dipcall_pipeline/HPRC_release2/HG00408/HG00408.dip.bed.gz
HG00423	gs://str-truth-set-v2/dipcall_pipeline/HPRC_release2/HG00423/HG00423.dip.bed.gz
HG00438	gs://str-truth-set-v2/dipcall_pipeline/HG00438/HG00438.dip.bed.gz
HG00514	gs://str-truth-set-v2/dipcall_pipeline/HG00514/HG00514.dip.bed.gz
HG00544	gs://str-truth-set-v2/dipcall_pipeline/HPRC_release2/HG00544/HG00544.dip.bed.gz
HG00558	gs://str-truth-set-v2/dipcall_pipeline/HPRC_release2/HG00558/HG00558.dip.bed.gz
HG00597	gs://str-truth-set-v2/dipcall_pipeline/HPRC_release2/HG00597/HG00597.dip.bed.gz
HG00609	gs://str-truth-set-v2/dipcall_pipeline/HPRC_release2/HG00609/HG00609.dip.bed.gz
HG00621	gs://str-truth-set-v2/dipcall_pipeline/HG00621/HG00621.dip.bed.gz
HG00639	gs://str-truth-set-v2/dipcall_pipeline/HPRC_release2/HG00639/HG00639.dip.bed.gz
HG00642	gs://str-truth-set-v2/dipcall_pipeline/HPRC_release2/HG00642/HG00642.dip.bed.gz
HG00658	gs://str-truth-set-v2/dipcall_pipeline/HPRC_release2/HG00658/HG00658.dip.bed.gz
HG00673	gs://str-truth-set-v2/dipcall_pipeline/HG00673/HG00673.dip.bed.gz
HG00706	gs://str-truth-set-v2/dipcall_pipeline/HPRC_release2/HG00706/HG00706.dip.bed.gz
HG00733	gs://str-truth-set-v2/dipcall_pipeline/HG00733/HG00733.dip.bed.gz
HG00735	gs://str-truth-set-v2/dipcall_pipeline/HG00735/HG00735.dip.bed.gz
HG00738	gs://str-truth-set-v2/dipcall_pipeline/HPRC_release2/HG00738/HG00738.dip.bed.gz
HG00741	gs://str-truth-set-v2/dipcall_pipeline/HG00741/HG00741.dip.bed.gz
HG01071	gs://str-truth-set-v2/dipcall_pipeline/HG01071/HG01071.dip.bed.gz
HG01074	gs://str-truth-set-v2/dipcall_pipeline/HPRC_release2/HG01074/HG01074.dip.bed.gz
HG01081	gs://str-truth-set-v2/dipcall_pipeline/HPRC_release2/HG01081/HG01081.dip.bed.gz
HG01099	gs://str-truth-set-v2/dipcall_pipeline/HPRC_release2/HG01099/HG01099.dip.bed.gz
HG01106	gs://str-truth-set-v2/dipcall_pipeline/HG01106/HG01106.dip.bed.gz
HG01109	gs://str-truth-set-v2/dipcall_pipeline/HG01109/HG01109.dip.bed.gz
HG01114	gs://str-truth-set-v2/dipcall_pipeline/HG01114/HG01114.dip.bed.gz
HG01150	gs://str-truth-set-v2/dipcall_pipeline/HPRC_release2/HG01150/HG01150.dip.bed.gz
HG01175	gs://str-truth-set-v2/dipcall_pipeline/HG01175/HG01175.dip.bed.gz
HG01192	gs://str-truth-set-v2/dipcall_pipeline/HPRC_release2/HG01192/HG01192.dip.bed.gz
HG01243	gs://str-truth-set-v2/dipcall_pipeline/HG01243/HG01243.dip.bed.gz
HG01252	gs://str-truth-set-v2/dipcall_pipeline/HPRC_release2/HG01252/HG01252.dip.bed.gz
HG01255	gs://str-truth-set-v2/dipcall_pipeline/HPRC_release2/HG01255/HG01255.dip.bed.gz
HG01258	gs://str-truth-set-v2/dipcall_pipeline/HG01258/HG01258.dip.bed.gz
HG01261	gs://str-truth-set-v2/dipcall_pipeline/HPRC_release2/HG01261/HG01261.dip.bed.gz
HG01346	gs://str-truth-set-v2/dipcall_pipeline/HPRC_release2/HG01346/HG01346.dip.bed.gz
HG01358	gs://str-truth-set-v2/dipcall_pipeline/HG01358/HG01358.dip.bed.gz
HG01361	gs://str-truth-set-v2/dipcall_pipeline/HG01361/HG01361.dip.bed.gz
HG01433	gs://str-truth-set-v2/dipcall_pipeline/HPRC_release2/HG01433/HG01433.dip.bed.gz
HG01496	gs://str-truth-set-v2/dipcall_pipeline/HPRC_release2/HG01496/HG01496.dip.bed.gz
HG01884	gs://str-truth-set-v2/dipcall_pipeline/HPRC_release2/HG01884/HG01884.dip.bed.gz
HG01891	gs://str-truth-set-v2/dipcall_pipeline/HG01891/HG01891.dip.bed.gz
HG01928	gs://str-truth-set-v2/dipcall_pipeline/HG01928/HG01928.dip.bed.gz
HG01934	gs://str-truth-set-v2/dipcall_pipeline/HPRC_release2/HG01934/HG01934.dip.bed.gz
HG01940	gs://str-truth-set-v2/dipcall_pipeline/HPRC_release2/HG01940/HG01940.dip.bed.gz
HG01943	gs://str-truth-set-v2/dipcall_pipeline/HPRC_release2/HG01943/HG01943.dip.bed.gz
HG01952	gs://str-truth-set-v2/dipcall_pipeline/HG01952/HG01952.dip.bed.gz
HG01960	gs://str-truth-set-v2/dipcall_pipeline/HPRC_release2/HG01960/HG01960.dip.bed.gz
HG01969	gs://str-truth-set-v2/dipcall_pipeline/HPRC_release2/HG01969/HG01969.dip.bed.gz
HG01975	gs://str-truth-set-v2/dipcall_pipeline/HPRC_release2/HG01975/HG01975.dip.bed.gz
HG01978	gs://str-truth-set-v2/dipcall_pipeline/HG01978/HG01978.dip.bed.gz
HG01981	gs://str-truth-set-v2/dipcall_pipeline/HPRC_release2/HG01981/HG01981.dip.bed.gz
HG01993	gs://str-truth-set-v2/dipcall_pipeline/HPRC_release2/HG01993/HG01993.dip.bed.gz
HG02004	gs://str-truth-set-v2/dipcall_pipeline/HPRC_release2/HG02004/HG02004.dip.bed.gz
HG02015	gs://str-truth-set-v2/dipcall_pipeline/HPRC_release2/HG02015/HG02015.dip.bed.gz
HG02027	gs://str-truth-set-v2/dipcall_pipeline/HPRC_release2/HG02027/HG02027.dip.bed.gz
HG02055	gs://str-truth-set-v2/dipcall_pipeline/HG02055/HG02055.dip.bed.gz
HG02056	gs://str-truth-set-v2/dipcall_pipeline/HPRC_release2/HG02056/HG02056.dip.bed.gz
HG02071	gs://str-truth-set-v2/dipcall_pipeline/HPRC_release2/HG02071/HG02071.dip.bed.gz
HG02074	gs://str-truth-set-v2/dipcall_pipeline/HPRC_release2/HG02074/HG02074.dip.bed.gz
HG02080	gs://str-truth-set-v2/dipcall_pipeline/HG02080/HG02080.dip.bed.gz
HG02083	gs://str-truth-set-v2/dipcall_pipeline/HPRC_release2/HG02083/HG02083.dip.bed.gz
HG02129	gs://str-truth-set-v2/dipcall_pipeline/HPRC_release2/HG02129/HG02129.dip.bed.gz
HG02132	gs://str-truth-set-v2/dipcall_pipeline/HPRC_release2/HG02132/HG02132.dip.bed.gz
HG02135	gs://str-truth-set-v2/dipcall_pipeline/HPRC_release2/HG02135/HG02135.dip.bed.gz
HG02145	gs://str-truth-set-v2/dipcall_pipeline/HG02145/HG02145.dip.bed.gz
HG02148	gs://str-truth-set-v2/dipcall_pipeline/HG02148/HG02148.dip.bed.gz
HG02257	gs://str-truth-set-v2/dipcall_pipeline/HG02257/HG02257.dip.bed.gz
HG02258	gs://str-truth-set-v2/dipcall_pipeline/HPRC_release2/HG02258/HG02258.dip.bed.gz
HG02273	gs://str-truth-set-v2/dipcall_pipeline/HPRC_release2/HG02273/HG02273.dip.bed.gz
HG02280	gs://str-truth-set-v2/dipcall_pipeline/HPRC_release2/HG02280/HG02280.dip.bed.gz
HG02293	gs://str-truth-set-v2/dipcall_pipeline/HPRC_release2/HG02293/HG02293.dip.bed.gz
HG02300	gs://str-truth-set-v2/dipcall_pipeline/HPRC_release2/HG02300/HG02300.dip.bed.gz
HG02451	gs://str-truth-set-v2/dipcall_pipeline/HPRC_release2/HG02451/HG02451.dip.bed.gz
HG02514	gs://str-truth-set-v2/dipcall_pipeline/HPRC_release2/HG02514/HG02514.dip.bed.gz
HG02523	gs://str-truth-set-v2/dipcall_pipeline/HPRC_release2/HG02523/HG02523.dip.bed.gz
HG02572	gs://str-truth-set-v2/dipcall_pipeline/HG02572/HG02572.dip.bed.gz
HG02587	gs://str-truth-set-v2/dipcall_pipeline/HG02587/HG02587.dip.bed.gz
HG02602	gs://str-truth-set-v2/dipcall_pipeline/HPRC_release2/HG02602/HG02602.dip.bed.gz
HG02615	gs://str-truth-set-v2/dipcall_pipeline/HPRC_release2/HG02615/HG02615.dip.bed.gz
HG02622	gs://str-truth-set-v2/dipcall_pipeline/HG02622/HG02622.dip.bed.gz
HG02630	gs://str-truth-set-v2/dipcall_pipeline/HG02630/HG02630.dip.bed.gz
HG02647	gs://str-truth-set-v2/dipcall_pipeline/HPRC_release2/HG02647/HG02647.dip.bed.gz
HG02668	gs://str-truth-set-v2/dipcall_pipeline/HPRC_release2/HG02668/HG02668.dip.bed.gz
HG02698	gs://str-truth-set-v2/dipcall_pipeline/HPRC_release2/HG02698/HG02698.dip.bed.gz
HG02717	gs://str-truth-set-v2/dipcall_pipeline/HG02717/HG02717.dip.bed.gz
HG02723	gs://str-truth-set-v2/dipcall_pipeline/HG02723/HG02723.dip.bed.gz
HG02735	gs://str-truth-set-v2/dipcall_pipeline/HPRC_release2/HG02735/HG02735.dip.bed.gz
HG02738	gs://str-truth-set-v2/dipcall_pipeline/HPRC_release2/HG02738/HG02738.dip.bed.gz
HG02809	gs://str-truth-set-v2/dipcall_pipeline/HPRC_release2/HG02809/HG02809.dip.bed.gz
HG02818	gs://str-truth-set-v2/dipcall_pipeline/HG02818/HG02818.dip.bed.gz
HG02841	gs://str-truth-set-v2/dipcall_pipeline/HPRC_release2/HG02841/HG02841.dip.bed.gz
HG02886	gs://str-truth-set-v2/dipcall_pipeline/HG02886/HG02886.dip.bed.gz
HG02965	gs://str-truth-set-v2/dipcall_pipeline/HPRC_release2/HG02965/HG02965.dip.bed.gz
HG02984	gs://str-truth-set-v2/dipcall_pipeline/HPRC_release2/HG02984/HG02984.dip.bed.gz
HG03017	gs://str-truth-set-v2/dipcall_pipeline/HPRC_release2/HG03017/HG03017.dip.bed.gz
HG03041	gs://str-truth-set-v2/dipcall_pipeline/HPRC_release2/HG03041/HG03041.dip.bed.gz
HG03050	gs://str-truth-set-v2/dipcall_pipeline/HPRC_release2/HG03050/HG03050.dip.bed.gz
HG03098	gs://str-truth-set-v2/dipcall_pipeline/HG03098/HG03098.dip.bed.gz
HG03125	gs://str-truth-set-v2/dipcall_pipeline/HG03125/HG03125.dip.bed.gz
HG03239	gs://str-truth-set-v2/dipcall_pipeline/HPRC_release2/HG03239/HG03239.dip.bed.gz
HG03453	gs://str-truth-set-v2/dipcall_pipeline/HG03453/HG03453.dip.bed.gz
HG03486	gs://str-truth-set-v2/dipcall_pipeline/HG03486/HG03486.dip.bed.gz
HG03492	gs://str-truth-set-v2/dipcall_pipeline/HG03492/HG03492.dip.bed.gz
HG03516	gs://str-truth-set-v2/dipcall_pipeline/HG03516/HG03516.dip.bed.gz
HG03540	gs://str-truth-set-v2/dipcall_pipeline/HG03540/HG03540.dip.bed.gz
HG03579	gs://str-truth-set-v2/dipcall_pipeline/HG03579/HG03579.dip.bed.gz
HG03654	gs://str-truth-set-v2/dipcall_pipeline/HPRC_release2/HG03654/HG03654.dip.bed.gz
HG03669	gs://str-truth-set-v2/dipcall_pipeline/HPRC_release2/HG03669/HG03669.dip.bed.gz
HG03683	gs://str-truth-set-v2/dipcall_pipeline/HG03683/HG03683.dip.bed.gz
HG03688	gs://str-truth-set-v2/dipcall_pipeline/HPRC_release2/HG03688/HG03688.dip.bed.gz
HG03704	gs://str-truth-set-v2/dipcall_pipeline/HPRC_release2/HG03704/HG03704.dip.bed.gz
HG03710	gs://str-truth-set-v2/dipcall_pipeline/HPRC_release2/HG03710/HG03710.dip.bed.gz
HG03804	gs://str-truth-set-v2/dipcall_pipeline/HPRC_release2/HG03804/HG03804.dip.bed.gz
HG03816	gs://str-truth-set-v2/dipcall_pipeline/HPRC_release2/HG03816/HG03816.dip.bed.gz
HG03831	gs://str-truth-set-v2/dipcall_pipeline/HPRC_release2/HG03831/HG03831.dip.bed.gz
HG03834	gs://str-truth-set-v2/dipcall_pipeline/HPRC_release2/HG03834/HG03834.dip.bed.gz
HG03927	gs://str-truth-set-v2/dipcall_pipeline/HPRC_release2/HG03927/HG03927.dip.bed.gz
HG03942	gs://str-truth-set-v2/dipcall_pipeline/HPRC_release2/HG03942/HG03942.dip.bed.gz
HG04115	gs://str-truth-set-v2/dipcall_pipeline/HPRC_release2/HG04115/HG04115.dip.bed.gz
HG04157	gs://str-truth-set-v2/dipcall_pipeline/HPRC_release2/HG04157/HG04157.dip.bed.gz
HG04160	gs://str-truth-set-v2/dipcall_pipeline/HPRC_release2/HG04160/HG04160.dip.bed.gz
HG04184	gs://str-truth-set-v2/dipcall_pipeline/HPRC_release2/HG04184/HG04184.dip.bed.gz
HG04187	gs://str-truth-set-v2/dipcall_pipeline/HPRC_release2/HG04187/HG04187.dip.bed.gz
HG04199	gs://str-truth-set-v2/dipcall_pipeline/HPRC_release2/HG04199/HG04199.dip.bed.gz
HG04204	gs://str-truth-set-v2/dipcall_pipeline/HPRC_release2/HG04204/HG04204.dip.bed.gz
HG04228	gs://str-truth-set-v2/dipcall_pipeline/HPRC_release2/HG04228/HG04228.dip.bed.gz
NA12329	gs://str-truth-set-v2/dipcall_pipeline/NA12329/NA12329.dip.bed.gz
NA12878	gs://str-truth-set-v2/dipcall_pipeline/NA12878/NA12878.dip.bed.gz
NA18906	gs://str-truth-set-v2/dipcall_pipeline/NA18906/NA18906.dip.bed.gz
NA19240	gs://str-truth-set-v2/dipcall_pipeline/NA19240/NA19240.dip.bed.gz
NA19983	gs://str-truth-set-v2/dipcall_pipeline/NA19983/NA19983.dip.bed.gz
NA20129	gs://str-truth-set-v2/dipcall_pipeline/NA20129/NA20129.dip.bed.gz
